dataset,aggregation,driver_kind,discretization,train_start,train_end,test_end,lag
general_giustiniani,weekly,baseline,continuous,2017-01-01,2020-12-31,2022-12-31,0
general_pediatrico,weekly,baseline,continuous,2017-01-01,2020-12-31,2022-12-31,0
general_osa,weekly,baseline,continuous,2020-01-01,2021-12-31,2022-12-31,0
ili_giustiniani,weekly,baseline,continuous,2017-01-01,2020-12-31,2022-12-31,0
ili_pediatrico,weekly,baseline,continuous,2017-01-01,2020-12-31,2022-12-31,0
ili_osa,weekly,baseline,continuous,2020-01-01,2021-12-31,2022-12-31,0
hw_giustiniani,weekly,baseline,continuous,2017-01-01,2020-12-31,2022-12-31,0
hw_pediatrico,weekly,baseline,continuous,2017-01-01,2020-12-31,2022-12-31,0
hw_osa,weekly,baseline,continuous,2020-01-01,2021-12-31,2022-12-31,0
general_giustiniani,monthly,baseline,continuous,2013-01-01,2020-12-31,2022-12-31,0
general_pediatrico,monthly,baseline,continuous,2013-01-01,2020-12-31,2022-12-31,0
general_osa,monthly,baseline,continuous,2020-01-01,2021-12-31,2022-12-31,0
ili_giustiniani,monthly,baseline,continuous,2013-01-01,2020-12-31,2022-12-31,0
ili_pediatrico,monthly,baseline,continuous,2013-01-01,2020-12-31,2022-12-31,0
ili_osa,monthly,baseline,continuous,2020-01-01,2021-12-31,2022-12-31,0
hw_giustiniani,monthly,baseline,continuous,2013-01-01,2020-12-31,2022-12-31,0
hw_pediatrico,monthly,baseline,continuous,2013-01-01,2020-12-31,2022-12-31,0
hw_osa,monthly,baseline,continuous,2020-01-01,2021-12-31,2022-12-31,0
general_giustiniani,weekly,none,continuous,2017-01-01,2020-12-31,2022-12-31,0
general_pediatrico,weekly,none,continuous,2017-01-01,2020-12-31,2022-12-31,0
general_osa,weekly,none,continuous,2020-01-01,2021-12-31,2022-12-31,0
ili_giustiniani,weekly,none,continuous,2017-01-01,2020-12-31,2022-12-31,0
ili_pediatrico,weekly,none,continuous,2017-01-01,2020-12-31,2022-12-31,0
ili_osa,weekly,none,continuous,2020-01-01,2021-12-31,2022-12-31,0
hw_giustiniani,weekly,none,continuous,2017-01-01,2020-12-31,2022-12-31,0
hw_pediatrico,weekly,none,continuous,2017-01-01,2020-12-31,2022-12-31,0
hw_osa,weekly,none,continuous,2020-01-01,2021-12-31,2022-12-31,0
general_giustiniani,monthly,none,continuous,2013-01-01,2020-12-31,2022-12-31,0
general_pediatrico,monthly,none,continuous,2013-01-01,2020-12-31,2022-12-31,0
general_osa,monthly,none,continuous,2020-01-01,2021-12-31,2022-12-31,0
ili_giustiniani,monthly,none,continuous,2013-01-01,2020-12-31,2022-12-31,0
ili_pediatrico,monthly,none,continuous,2013-01-01,2020-12-31,2022-12-31,0
ili_osa,monthly,none,continuous,2020-01-01,2021-12-31,2022-12-31,0
hw_giustiniani,monthly,none,continuous,2013-01-01,2020-12-31,2022-12-31,0
hw_pediatrico,monthly,none,continuous,2013-01-01,2020-12-31,2022-12-31,0
hw_osa,monthly,none,continuous,2020-01-01,2021-12-31,2022-12-31,0
general_giustiniani,weekly,pollution,continuous,2017-01-01,2020-12-31,2022-12-31,0
general_pediatrico,weekly,pollution,continuous,2017-01-01,2020-12-31,2022-12-31,0
general_osa,weekly,pollution,continuous,2020-01-01,2021-12-31,2022-12-31,0
ili_giustiniani,weekly,pollution,continuous,2017-01-01,2020-12-31,2022-12-31,0
ili_pediatrico,weekly,pollution,continuous,2017-01-01,2020-12-31,2022-12-31,0
ili_osa,weekly,pollution,continuous,2020-01-01,2021-12-31,2022-12-31,0
hw_giustiniani,weekly,pollution,continuous,2017-01-01,2020-12-31,2022-12-31,0
hw_pediatrico,weekly,pollution,continuous,2017-01-01,2020-12-31,2022-12-31,0
hw_osa,weekly,pollution,continuous,2020-01-01,2021-12-31,2022-12-31,0
general_giustiniani,monthly,pollution,continuous,2013-01-01,2020-12-31,2022-12-31,0
general_pediatrico,monthly,pollution,continuous,2013-01-01,2020-12-31,2022-12-31,0
general_osa,monthly,pollution,continuous,2020-01-01,2021-12-31,2022-12-31,0
ili_giustiniani,monthly,pollution,continuous,2013-01-01,2020-12-31,2022-12-31,0
ili_pediatrico,monthly,pollution,continuous,2013-01-01,2020-12-31,2022-12-31,0
ili_osa,monthly,pollution,continuous,2020-01-01,2021-12-31,2022-12-31,0
hw_giustiniani,monthly,pollution,continuous,2013-01-01,2020-12-31,2022-12-31,0
hw_pediatrico,monthly,pollution,continuous,2013-01-01,2020-12-31,2022-12-31,0
hw_osa,monthly,pollution,continuous,2020-01-01,2021-12-31,2022-12-31,0
